Player,Tournament,Team
baw14maw,Timeless Cup,"['/images/131.png', '/images/340.png', '/images/230.png', '/images/364.png', '/images/148.png', '/images/154.png']"
baw14maw,Ferocious Cup,"['/images/435.png', '/images/31.png', '/images/134.png', '/images/197.png', '/images/400.png', '/images/ninetales-alola.png']"
baw14maw,Ferocious Cup,"['/images/435.png', '/images/31.png', '/images/134.png', '/images/197.png', '/images/400.png', '/images/ninetales-alola.png']"
baw14maw,Ferocious Cup,"['/images/435.png', '/images/31.png', '/images/134.png', '/images/197.png', '/images/400.png', '/images/ninetales-alola.png']"
baw14maw,Ferocious Cup,"['/images/435.png', '/images/31.png', '/images/134.png', '/images/197.png', '/images/400.png', '/images/ninetales-alola.png']"
baw14maw,Open Great League (Ranked) Tournament,"['/images/184.png', '/images/deoxys-defense.png', '/images/334.png', '/images/muk-alola.png', '/images/379.png', '/images/154.png']"
baw14maw,Sinister Cup,"['/images/303.png', '/images/62.png', '/images/208.png', '/images/356.png', '/images/249.png', '/images/marowak-alola.png']"
baw14maw,Sinister Cup,"['/images/303.png', '/images/62.png', '/images/208.png', '/images/356.png', '/images/249.png', '/images/marowak-alola.png']"
baw14maw,Sinister Cup,"['/images/62.png', '/images/208.png', '/images/426.png', '/images/356.png', '/images/344.png', '/images/411.png']"
baw14maw,Mirror Cup,"['/images/260.png', '/images/476.png', '/images/357.png', '/images/184.png', '/images/227.png', '/images/308.png']"
baw14maw,Mirror Cup,"['/images/476.png', '/images/260.png', '/images/184.png', '/images/357.png', '/images/227.png', '/images/308.png']"
baw14maw,Mirror Cup,"['/images/476.png', '/images/260.png', '/images/184.png', '/images/357.png', '/images/227.png', '/images/308.png']"
baw14maw,Mirror Cup,"['/images/184.png', '/images/248.png', '/images/49.png', '/images/73.png', '/images/454.png', '/images/211.png']"
baw14maw,Mirror Cup,"['/images/131.png', '/images/260.png', '/images/357.png', '/images/334.png', '/images/171.png', '/images/227.png']"
baw14maw,Jungle Cup,"['/images/288.png', '/images/416.png', '/images/171.png', '/images/205.png', '/images/164.png', '/images/3.png']"
baw14maw,Jungle Cup,"['/images/288.png', '/images/416.png', '/images/171.png', '/images/205.png', '/images/164.png', '/images/3.png']"
baw14maw,Jungle Cup,"['/images/288.png', '/images/416.png', '/images/171.png', '/images/205.png', '/images/164.png', '/images/3.png']"
baw14maw,Ranked Tournament,"['/images/184.png', '/images/227.png', '/images/171.png', '/images/386.png', '/images/302.png', '/images/308.png']"
baw14maw,Rainbow Cup,"['/images/38.png', '/images/205.png', '/images/195.png', '/images/80.png', '/images/154.png', '/images/226.png']"
baw14maw,Rainbow Cup,"['/images/195.png', '/images/38.png', '/images/205.png', '/images/80.png', '/images/154.png', '/images/226.png']"
baw14maw,Rainbow Cup,"['/images/195.png', '/images/205.png', '/images/38.png', '/images/80.png', '/images/154.png', '/images/226.png']"
baw14maw,Rainbow Cup,"['/images/195.png', '/images/38.png', '/images/205.png', '/images/80.png', '/images/154.png', '/images/226.png']"
baw14maw,Nightmare Cup,"['/images/178.png', '/images/raichu-alola.png', '/images/197.png', '/images/454.png', '/images/452.png', '/images/97.png']"
baw14maw,Nightmare Cup,"['/images/178.png', '/images/raichu-alola.png', '/images/197.png', '/images/454.png', '/images/452.png', '/images/97.png']"
baw14maw,Nightmare Cup,"['/images/178.png', '/images/raichu-alola.png', '/images/197.png', '/images/454.png', '/images/452.png', '/images/97.png']"
baw14maw,Season 1 Regionals,"['/images/184.png', '/images/357.png', '/images/227.png', '/images/411.png', '/images/302.png', '/images/308.png']"
baw14maw,Ranked Tournament,"['/images/184.png', '/images/357.png', '/images/227.png', '/images/411.png', '/images/302.png', '/images/308.png']"
baw14maw,Ranked Tournament,"['/images/184.png', '/images/357.png', '/images/227.png', '/images/411.png', '/images/302.png', '/images/308.png']"
baw14maw,Kingdom Cup,"['/images/411.png', '/images/334.png', '/images/131.png', '/images/448.png', '/images/208.png', '/images/257.png']"
baw14maw,Kingdom Cup,"['/images/334.png', '/images/448.png', '/images/208.png', '/images/411.png', '/images/marowak-alola.png', '/images/131.png']"
baw14maw,Ranked Tournament,"['/images/340.png', '/images/184.png', '/images/334.png', '/images/154.png', '/images/302.png', '/images/308.png']"
baw14maw,Ranked Tournament,"['/images/435.png', '/images/340.png', '/images/357.png', '/images/184.png', '/images/334.png', '/images/308.png']"
baw14maw,Tempest Cup,"['/images/340.png', '/images/357.png', '/images/227.png', '/images/171.png', '/images/334.png', '/images/131.png']"
baw14maw,Tempest Cup,"['/images/340.png', '/images/357.png', '/images/227.png', '/images/171.png', '/images/334.png', '/images/131.png']"
baw14maw,Twilight Cup,"['/images/435.png', '/images/454.png', '/images/184.png', '/images/478.png', '/images/49.png', '/images/302.png']"
baw14maw,Boulder Cup,"['/images/227.png', '/images/227.png', '/images/308.png', '/images/259.png', '/images/809.png', '/images/286.png']"
RangerMimikyu,Timeless Cup,"['/images/49.png', '/images/9.png', '/images/71.png', '/images/219.png', '/images/478.png', '/images/340.png']"
RangerMimikyu,Ferocious Cup,"['/images/197.png', '/images/31.png', '/images/435.png', '/images/ninetales-alola.png', '/images/134.png', '/images/400.png']"
RangerMimikyu,Open Great League (Ranked) Tournament,"['/images/184.png', '/images/334.png', '/images/308.png', '/images/272.png', '/images/379.png', '/images/muk-alola.png']"
RangerMimikyu,Ferocious Cup,"['/images/ninetales-alola.png', '/images/197.png', '/images/400.png', '/images/435.png', '/images/134.png', '/images/31.png']"
RangerMimikyu,Ferocious Cup,"['/images/31.png', '/images/197.png', '/images/134.png', '/images/ninetales-alola.png', '/images/400.png', '/images/435.png']"
RangerMimikyu,Ferocious Cup,"['/images/ninetales-alola.png', '/images/197.png', '/images/31.png', '/images/134.png', '/images/400.png', '/images/435.png']"
RangerMimikyu,Open Great League (Ranked) Tournament,"['/images/184.png', '/images/334.png', '/images/muk-alola.png', '/images/308.png', '/images/379.png', '/images/272.png']"
RangerMimikyu,Ferocious Cup,"['/images/31.png', '/images/197.png', '/images/ninetales-alola.png', '/images/400.png', '/images/435.png', '/images/134.png']"
RangerMimikyu,Sinister Cup,"['/images/62.png', '/images/208.png', '/images/marowak-alola.png', '/images/308.png', '/images/476.png', '/images/356.png']"
RangerMimikyu,Open Great League (Ranked) Tournament,"['/images/131.png', '/images/97.png', '/images/208.png', '/images/260.png', '/images/334.png', '/images/muk-alola.png']"
RangerMimikyu,Sinister Cup,"['/images/426.png', '/images/411.png', '/images/62.png', '/images/208.png', '/images/249.png', '/images/marowak-alola.png']"
RangerMimikyu,Sinister Cup,"['/images/356.png', '/images/62.png', '/images/marowak-alola.png', '/images/208.png', '/images/308.png', '/images/476.png']"
RangerMimikyu,Season 1 Championship,"['/images/149.png', '/images/476.png', '/images/184.png', '/images/107.png', '/images/197.png', '/images/475.png']"
RangerMimikyu,Mirror Cup,"['/images/308.png', '/images/437.png', '/images/227.png', '/images/260.png', '/images/389.png', '/images/475.png']"
RangerMimikyu,Mirror Cup,"['/images/184.png', '/images/42.png', '/images/478.png', '/images/248.png', '/images/454.png', '/images/muk-alola.png']"
RangerMimikyu,Mirror Cup,"['/images/334.png', '/images/340.png', '/images/357.png', '/images/131.png', '/images/478.png', '/images/golem-alola.png']"
RangerMimikyu,Mirror Cup,"['/images/454.png', '/images/184.png', '/images/248.png', '/images/42.png', '/images/49.png', '/images/muk-alola.png']"
RangerMimikyu,Mirror Cup,"['/images/260.png', '/images/184.png', '/images/357.png', '/images/227.png', '/images/437.png', '/images/809.png']"
RangerMimikyu,Mirror Cup,"['/images/334.png', '/images/357.png', '/images/478.png', '/images/195.png', '/images/131.png', '/images/golem-alola.png']"
RangerMimikyu,Mirror Cup,"['/images/muk-alola.png', '/images/376.png', '/images/454.png', '/images/452.png', '/images/282.png', '/images/97.png']"
RangerMimikyu,Mirror Cup,"['/images/184.png', '/images/3.png', '/images/248.png', '/images/42.png', '/images/454.png', '/images/211.png']"
RangerMimikyu,Mirror Cup,"['/images/308.png', '/images/184.png', '/images/334.png', '/images/3.png', '/images/171.png', '/images/411.png']"
RangerMimikyu,Jungle Cup,"['/images/288.png', '/images/3.png', '/images/26.png', '/images/164.png', '/images/416.png', '/images/205.png']"
RangerMimikyu,Jungle Cup,"['/images/288.png', '/images/164.png', '/images/205.png', '/images/171.png', '/images/3.png', '/images/416.png']"
RangerMimikyu,Jungle Cup,"['/images/288.png', '/images/3.png', '/images/462.png', '/images/214.png', '/images/164.png', '/images/205.png']"
RangerMimikyu,Ranked Tournament,"['/images/386.png', '/images/334.png', '/images/476.png', '/images/184.png', '/images/71.png', '/images/227.png']"
RangerMimikyu,Ranked Tournament,"['/images/184.png', '/images/227.png', '/images/71.png', '/images/386.png', '/images/334.png', '/images/302.png']"
RangerMimikyu,Rainbow Cup,"['/images/26.png', '/images/184.png', '/images/205.png', '/images/195.png', '/images/154.png', '/images/38.png']"
RangerMimikyu,Rainbow Cup,"['/images/38.png', '/images/154.png', '/images/184.png', '/images/205.png', '/images/195.png', '/images/80.png']"
RangerMimikyu,Ranked Tournament,"['/images/476.png', '/images/249.png', '/images/308.png', '/images/184.png', '/images/raichu-alola.png', '/images/357.png']"
RangerMimikyu,Season 1 Group Stage,"['/images/184.png', '/images/149.png', '/images/197.png', '/images/475.png', '/images/476.png', '/images/107.png']"
RangerMimikyu,Rainbow Cup,"['/images/154.png', '/images/6.png', '/images/195.png', '/images/80.png', '/images/184.png', '/images/205.png']"
RangerMimikyu,Rainbow Cup,"['/images/6.png', '/images/80.png', '/images/195.png', '/images/184.png', '/images/205.png', '/images/154.png']"
RangerMimikyu,Nightmare Cup,"['/images/raticate-alola.png', '/images/178.png', '/images/197.png', '/images/454.png', '/images/107.png', '/images/442.png']"
RangerMimikyu,Nightmare Cup,"['/images/raticate-alola.png', '/images/178.png', '/images/442.png', '/images/197.png', '/images/107.png', '/images/454.png']"
RangerMimikyu,Nightmare Cup,"['/images/437.png', '/images/197.png', '/images/442.png', '/images/107.png', '/images/178.png', '/images/454.png']"
RangerMimikyu,Nightmare Cup,"['/images/muk-alola.png', '/images/107.png', '/images/442.png', '/images/178.png', '/images/454.png', '/images/197.png']"
RangerMimikyu,Nightmare Cup,"['/images/178.png', '/images/107.png', '/images/442.png', '/images/454.png', '/images/raticate-alola.png', '/images/197.png']"
RangerMimikyu,Nightmare Cup,"['/images/275.png', '/images/442.png', '/images/178.png', '/images/454.png', '/images/107.png', '/images/452.png']"
RangerMimikyu,Season 1 Regionals,"['/images/308.png', '/images/357.png', '/images/184.png', '/images/227.png', '/images/476.png', '/images/93.png']"
RangerMimikyu,Nightmare Cup,"['/images/452.png', '/images/454.png', '/images/275.png', '/images/442.png', '/images/107.png', '/images/178.png']"
RangerMimikyu,Nightmare Cup,"['/images/178.png', '/images/275.png', '/images/454.png', '/images/452.png', '/images/442.png', '/images/107.png']"
RangerMimikyu,Kingdom Cup,"['/images/208.png', '/images/6.png', '/images/131.png', '/images/448.png', '/images/334.png', '/images/257.png']"
RangerMimikyu,Ranked Tournament,"['/images/3.png', '/images/308.png', '/images/9.png', '/images/graveler-alola.png', '/images/334.png', '/images/259.png']"
RangerMimikyu,Tempest Cup,"['/images/6.png', '/images/373.png', '/images/227.png', '/images/195.png', '/images/graveler-alola.png', '/images/357.png']"
RangerMimikyu,Tempest Cup,"['/images/graveler-alola.png', '/images/227.png', '/images/334.png', '/images/357.png', '/images/171.png', '/images/ninetales-alola.png']"
RangerMimikyu,Tempest Cup,"['/images/364.png', '/images/195.png', '/images/208.png', '/images/357.png', '/images/171.png', '/images/334.png']"
RangerMimikyu,Twilight Cup,"['/images/49.png', '/images/89.png', '/images/184.png', '/images/435.png', '/images/452.png', '/images/454.png']"
RangerMimikyu,Boulder Cup,"['/images/286.png', '/images/809.png', '/images/227.png', '/images/259.png', '/images/330.png', '/images/308.png']"
MaelstromVS01,Timeless Cup,"['/images/230.png', '/images/195.png', '/images/148.png', '/images/154.png', '/images/435.png', '/images/364.png']"
MaelstromVS01,Timeless Cup,"['/images/154.png', '/images/148.png', '/images/71.png', '/images/452.png', '/images/364.png', '/images/340.png']"
MaelstromVS01,Ferocious Cup,"['/images/raticate-alola.png', '/images/305.png', '/images/435.png', '/images/312.png', '/images/400.png', '/images/ninetales-alola.png']"
MaelstromVS01,Open Great League (Ranked) Tournament,"['/images/muk-alola.png', '/images/260.png', '/images/42.png', '/images/36.png', '/images/460.png', '/images/143.png']"
MaelstromVS01,Sinister Cup,"['/images/62.png', '/images/426.png', '/images/208.png', '/images/308.png', '/images/marowak-alola.png', '/images/356.png']"
MaelstromVS01,Sinister Cup,"['/images/62.png', '/images/356.png', '/images/marowak-alola.png', '/images/80.png', '/images/208.png', '/images/308.png']"
MaelstromVS01,Mirror Cup,"['/images/muk-alola.png', '/images/260.png', '/images/476.png', '/images/184.png', '/images/308.png', '/images/334.png']"
MaelstromVS01,Mirror Cup,"['/images/475.png', '/images/282.png', '/images/452.png', '/images/muk-alola.png', '/images/178.png', '/images/107.png']"
MaelstromVS01,Mirror Cup,"['/images/260.png', '/images/476.png', '/images/muk-alola.png', '/images/475.png', '/images/334.png', '/images/308.png']"
MaelstromVS01,Mirror Cup,"['/images/40.png', '/images/454.png', '/images/42.png', '/images/muk-alola.png', '/images/73.png', '/images/248.png']"
MaelstromVS01,Mirror Cup,"['/images/227.png', '/images/208.png', '/images/475.png', '/images/308.png', '/images/260.png', '/images/389.png']"
MaelstromVS01,Mirror Cup,"['/images/260.png', '/images/308.png', '/images/208.png', '/images/227.png', '/images/389.png', '/images/62.png']"
MaelstromVS01,Jungle Cup,"['/images/15.png', '/images/2.png', '/images/40.png', '/images/288.png', '/images/164.png', '/images/18.png']"
MaelstromVS01,Jungle Cup,"['/images/2.png', '/images/15.png', '/images/40.png', '/images/164.png', '/images/288.png', '/images/310.png']"
MaelstromVS01,Jungle Cup,"['/images/raichu-alola.png', '/images/49.png', '/images/raticate-alola.png', '/images/288.png', '/images/15.png', '/images/164.png']"
MaelstromVS01,Rainbow Cup,"['/images/2.png', '/images/6.png', '/images/226.png', '/images/230.png', '/images/26.png', '/images/171.png']"
MaelstromVS01,Rainbow Cup,"['/images/2.png', '/images/6.png', '/images/230.png', '/images/226.png', '/images/171.png', '/images/26.png']"
MaelstromVS01,Rainbow Cup,"['/images/2.png', '/images/15.png', '/images/6.png', '/images/26.png', '/images/226.png', '/images/171.png']"
MaelstromVS01,Nightmare Cup,"['/images/275.png', '/images/178.png', '/images/124.png', '/images/107.png', '/images/454.png', '/images/435.png']"
MaelstromVS01,Kingdom Cup,"['/images/460.png', '/images/131.png', '/images/334.png', '/images/257.png', '/images/208.png', '/images/124.png']"
MaelstromVS01,Kingdom Cup,"['/images/131.png', '/images/437.png', '/images/257.png', '/images/208.png', '/images/334.png', '/images/marowak-alola.png']"
MaelstromVS01,Kingdom Cup,"['/images/131.png', '/images/257.png', '/images/208.png', '/images/334.png', '/images/219.png', '/images/marowak-alola.png']"
MaelstromVS01,Ranked Tournament,"['/images/17.png', '/images/muk-alola.png', '/images/49.png', '/images/288.png', '/images/raticate-alola.png', '/images/454.png']"
MaelstromVS01,Ranked Tournament,"['/images/muk-alola.png', '/images/18.png', '/images/454.png', '/images/288.png', '/images/49.png', '/images/raticate-alola.png']"
MaelstromVS01,Tempest Cup,"['/images/260.png', '/images/334.png', '/images/171.png', '/images/460.png', '/images/340.png', '/images/227.png']"
MaelstromVS01,Twilight Cup,"['/images/359.png', '/images/raticate-alola.png', '/images/71.png', '/images/49.png', '/images/200.png', '/images/73.png']"
AzorAhaiAA,Timeless Cup,"['/images/257.png', '/images/71.png', '/images/230.png', '/images/148.png', '/images/364.png', '/images/340.png']"
AzorAhaiAA,Timeless Cup,"['/images/257.png', '/images/340.png', '/images/148.png', '/images/364.png', '/images/230.png', '/images/71.png']"
AzorAhaiAA,Timeless Cup,"['/images/257.png', '/images/148.png', '/images/71.png', '/images/364.png', '/images/435.png', '/images/340.png']"
AzorAhaiAA,Timeless Cup,"['/images/257.png', '/images/71.png', '/images/364.png', '/images/435.png', '/images/340.png', '/images/230.png']"
AzorAhaiAA,Timeless Cup,"['/images/364.png', '/images/465.png', '/images/castform-sunny.png', '/images/3.png', '/images/131.png', '/images/148.png']"
AzorAhaiAA,Ferocious Cup,"['/images/31.png', '/images/435.png', '/images/ninetales-alola.png', '/images/312.png', '/images/400.png', '/images/197.png']"
AzorAhaiAA,Ferocious Cup,"['/images/435.png', '/images/ninetales-alola.png', '/images/400.png', '/images/312.png', '/images/197.png', '/images/31.png']"
AzorAhaiAA,Ferocious Cup,"['/images/31.png', '/images/400.png', '/images/ninetales-alola.png', '/images/197.png', '/images/435.png', '/images/312.png']"
AzorAhaiAA,Ferocious Cup,"['/images/435.png', '/images/ninetales-alola.png', '/images/400.png', '/images/312.png', '/images/31.png', '/images/197.png']"
AzorAhaiAA,Ferocious Cup,"['/images/232.png', '/images/31.png', '/images/ninetales-alola.png', '/images/312.png', '/images/197.png', '/images/400.png']"
AzorAhaiAA,Open Great League (Ranked) Tournament,"['/images/3.png', '/images/40.png', '/images/197.png', '/images/227.png', '/images/deoxys-defense.png', '/images/171.png']"
AzorAhaiAA,Ferocious Cup,"['/images/435.png', '/images/ninetales-alola.png', '/images/400.png', '/images/245.png', '/images/31.png', '/images/197.png']"
AzorAhaiAA,Ferocious Cup,"['/images/34.png', '/images/197.png', '/images/301.png', '/images/264.png', '/images/312.png', '/images/245.png']"
AzorAhaiAA,Sinister Cup,"['/images/62.png', '/images/93.png', '/images/356.png', '/images/208.png', '/images/marowak-alola.png', '/images/308.png']"
AzorAhaiAA,Sinister Cup,"['/images/62.png', '/images/93.png', '/images/208.png', '/images/308.png', '/images/marowak-alola.png', '/images/356.png']"
AzorAhaiAA,Sinister Cup,"['/images/93.png', '/images/356.png', '/images/208.png', '/images/marowak-alola.png', '/images/62.png', '/images/308.png']"
AzorAhaiAA,Sinister Cup,"['/images/93.png', '/images/62.png', '/images/208.png', '/images/356.png', '/images/marowak-alola.png', '/images/308.png']"
AzorAhaiAA,Open Great League (Ranked) Tournament,"['/images/3.png', '/images/40.png', '/images/171.png', '/images/197.png', '/images/227.png', '/images/deoxys-defense.png']"
AzorAhaiAA,Sinister Cup,"['/images/93.png', '/images/308.png', '/images/62.png', '/images/208.png', '/images/marowak-alola.png', '/images/356.png']"
AzorAhaiAA,Sinister Cup,"['/images/62.png', '/images/208.png', '/images/411.png', '/images/marowak-alola.png', '/images/356.png', '/images/308.png']"
AzorAhaiAA,Sinister Cup,"['/images/62.png', '/images/208.png', '/images/303.png', '/images/437.png', '/images/93.png', '/images/marowak-alola.png']"
AzorAhaiAA,Mirror Cup,"['/images/3.png', '/images/6.png', '/images/184.png', '/images/227.png', '/images/171.png', '/images/302.png']"
AzorAhaiAA,Mirror Cup,"['/images/3.png', '/images/40.png', '/images/227.png', '/images/260.png', '/images/302.png', '/images/476.png']"
AzorAhaiAA,Mirror Cup,"['/images/3.png', '/images/40.png', '/images/227.png', '/images/334.png', '/images/260.png', '/images/476.png']"
AzorAhaiAA,Mirror Cup,"['/images/3.png', '/images/260.png', '/images/308.png', '/images/302.png', '/images/476.png', '/images/227.png']"
AzorAhaiAA,Mirror Cup,"['/images/107.png', '/images/178.png', '/images/282.png', '/images/454.png', '/images/437.png', '/images/raticate-alola.png']"
AzorAhaiAA,Mirror Cup,"['/images/3.png', '/images/6.png', '/images/195.png', '/images/205.png', '/images/171.png', '/images/184.png']"
AzorAhaiAA,Mirror Cup,"['/images/282.png', '/images/3.png', '/images/454.png', '/images/434.png', '/images/184.png', '/images/248.png']"
AzorAhaiAA,Jungle Cup,"['/images/3.png', '/images/40.png', '/images/171.png', '/images/164.png', '/images/288.png', '/images/205.png']"
AzorAhaiAA,Jungle Cup,"['/images/3.png', '/images/205.png', '/images/164.png', '/images/171.png', '/images/40.png', '/images/288.png']"
AzorAhaiAA,Jungle Cup,"['/images/3.png', '/images/288.png', '/images/205.png', '/images/171.png', '/images/40.png', '/images/164.png']"
AzorAhaiAA,Jungle Cup,"['/images/416.png', '/images/3.png', '/images/164.png', '/images/288.png', '/images/171.png', '/images/26.png']"
AzorAhaiAA,Rainbow Cup,"['/images/2.png', '/images/6.png', '/images/184.png', '/images/195.png', '/images/205.png', '/images/171.png']"
AzorAhaiAA,Rainbow Cup,"['/images/6.png', '/images/205.png', '/images/195.png', '/images/184.png', '/images/2.png', '/images/26.png']"
AzorAhaiAA,Rainbow Cup,"['/images/6.png', '/images/154.png', '/images/219.png', '/images/195.png', '/images/2.png', '/images/205.png']"
AzorAhaiAA,Rainbow Cup,"['/images/6.png', '/images/26.png', '/images/195.png', '/images/205.png', '/images/219.png', '/images/154.png']"
AzorAhaiAA,Nightmare Cup,"['/images/178.png', '/images/257.png', '/images/454.png', '/images/344.png', '/images/197.png', '/images/275.png']"
AzorAhaiAA,Nightmare Cup,"['/images/454.png', '/images/178.png', '/images/275.png', '/images/197.png', '/images/344.png', '/images/257.png']"
AzorAhaiAA,Nightmare Cup,"['/images/178.png', '/images/437.png', '/images/275.png', '/images/197.png', '/images/454.png', '/images/344.png']"
AzorAhaiAA,Nightmare Cup,"['/images/raichu-alola.png', '/images/454.png', '/images/197.png', '/images/178.png', '/images/275.png', '/images/344.png']"
AzorAhaiAA,Nightmare Cup,"['/images/raichu-alola.png', '/images/178.png', '/images/275.png', '/images/435.png', '/images/454.png', '/images/475.png']"
AzorAhaiAA,Kingdom Cup,"['/images/131.png', '/images/334.png', '/images/411.png', '/images/448.png', '/images/marowak-alola.png', '/images/208.png']"
AzorAhaiAA,Kingdom Cup,"['/images/448.png', '/images/131.png', '/images/208.png', '/images/334.png', '/images/marowak-alola.png', '/images/411.png']"
Hawkchaaaan,Timeless Cup,"['/images/3.png', '/images/148.png', '/images/185.png', '/images/364.png', '/images/350.png', '/images/478.png']"
Hawkchaaaan,Timeless Cup,"['/images/148.png', '/images/154.png', '/images/230.png', '/images/340.png', '/images/364.png', '/images/435.png']"
Hawkchaaaan,Timeless Cup,"['/images/148.png', '/images/154.png', '/images/230.png', '/images/340.png', '/images/364.png', '/images/435.png']"
Hawkchaaaan,Timeless Cup,"['/images/148.png', '/images/154.png', '/images/230.png', '/images/340.png', '/images/364.png', '/images/435.png']"
Hawkchaaaan,Timeless Cup,"['/images/49.png', '/images/71.png', '/images/260.png', '/images/340.png', '/images/364.png', '/images/435.png']"
Hawkchaaaan,Timeless Cup,"['/images/3.png', '/images/73.png', '/images/131.png', '/images/148.png', '/images/castform-sunny.png', '/images/364.png']"
Hawkchaaaan,Ferocious Cup,"['/images/197.png', '/images/435.png', '/images/ninetales-alola.png', '/images/400.png', '/images/372.png', '/images/306.png']"
Hawkchaaaan,Ferocious Cup,"['/images/31.png', '/images/197.png', '/images/372.png', '/images/400.png', '/images/435.png', '/images/ninetales-alola.png']"
Hawkchaaaan,Ferocious Cup,"['/images/31.png', '/images/197.png', '/images/372.png', '/images/400.png', '/images/435.png', '/images/ninetales-alola.png']"
Hawkchaaaan,Ferocious Cup,"['/images/197.png', '/images/264.png', '/images/306.png', '/images/400.png', '/images/435.png', '/images/ninetales-alola.png']"
Hawkchaaaan,Ferocious Cup,"['/images/31.png', '/images/197.png', '/images/372.png', '/images/400.png', '/images/435.png', '/images/ninetales-alola.png']"
Hawkchaaaan,Ferocious Cup,"['/images/31.png', '/images/197.png', '/images/372.png', '/images/400.png', '/images/435.png', '/images/ninetales-alola.png']"
Hawkchaaaan,Ferocious Cup,"['/images/31.png', '/images/197.png', '/images/372.png', '/images/400.png', '/images/435.png', '/images/ninetales-alola.png']"
Hawkchaaaan,Ferocious Cup,"['/images/31.png', '/images/197.png', '/images/232.png', '/images/400.png', '/images/435.png', '/images/ninetales-alola.png']"
Hawkchaaaan,Ferocious Cup,"['/images/26.png', '/images/31.png', '/images/245.png', '/images/264.png', '/images/400.png', '/images/ninetales-alola.png']"
Hawkchaaaan,Open Great League (Ranked) Tournament,"['/images/6.png', '/images/227.png', '/images/260.png', '/images/388.png', '/images/478.png', '/images/muk-alola.png']"
Hawkchaaaan,Ferocious Cup,"['/images/31.png', '/images/245.png', '/images/301.png', '/images/400.png', '/images/435.png', '/images/ninetales-alola.png']"
Hawkchaaaan,Ferocious Cup,"['/images/31.png', '/images/301.png', '/images/400.png', '/images/435.png', '/images/sandslash-alola.png', '/images/ninetales-alola.png']"
Hawkchaaaan,Open Great League (Ranked) Tournament,"['/images/3.png', '/images/197.png', '/images/227.png', '/images/260.png', '/images/288.png', '/images/379.png']"
Hawkchaaaan,Ferocious Cup,"['/images/31.png', '/images/301.png', '/images/400.png', '/images/435.png', '/images/sandslash-alola.png', '/images/ninetales-alola.png']"
Hawkchaaaan,Ferocious Cup,"['/images/31.png', '/images/301.png', '/images/372.png', '/images/400.png', '/images/435.png', '/images/ninetales-alola.png']"
Hawkchaaaan,Ferocious Cup,"['/images/31.png', '/images/372.png', '/images/400.png', '/images/435.png', '/images/sandslash-alola.png', '/images/ninetales-alola.png']"
Hawkchaaaan,Ferocious Cup,"['/images/26.png', '/images/31.png', '/images/264.png', '/images/372.png', '/images/400.png', '/images/ninetales-alola.png']"
Hawkchaaaan,Open Great League (Ranked) Tournament,"['/images/83.png', '/images/88.png', '/images/97.png', '/images/184.png', '/images/197.png', '/images/260.png']"
Hawkchaaaan,Sinister Cup,"['/images/62.png', '/images/93.png', '/images/208.png', '/images/356.png', '/images/308.png', '/images/476.png']"
Hawkchaaaan,Sinister Cup,"['/images/62.png', '/images/93.png', '/images/237.png', '/images/249.png', '/images/411.png', '/images/600.png']"
Hawkchaaaan,Sinister Cup,"['/images/62.png', '/images/93.png', '/images/208.png', '/images/344.png', '/images/354.png', '/images/356.png']"
Hawkchaaaan,Sinister Cup,"['/images/62.png', '/images/93.png', '/images/208.png', '/images/344.png', '/images/354.png', '/images/356.png']"
Hawkchaaaan,Sinister Cup,"['/images/62.png', '/images/93.png', '/images/208.png', '/images/344.png', '/images/354.png', '/images/356.png']"
Hawkchaaaan,Sinister Cup,"['/images/62.png', '/images/93.png', '/images/208.png', '/images/344.png', '/images/354.png', '/images/356.png']"
Hawkchaaaan,Sinister Cup,"['/images/62.png', '/images/93.png', '/images/237.png', '/images/249.png', '/images/411.png', '/images/600.png']"
Hawkchaaaan,Sinister Cup,"['/images/62.png', '/images/93.png', '/images/237.png', '/images/249.png', '/images/411.png', '/images/600.png']"
Hawkchaaaan,Sinister Cup,"['/images/62.png', '/images/93.png', '/images/237.png', '/images/249.png', '/images/411.png', '/images/600.png']"
Hawkchaaaan,Sinister Cup,"['/images/62.png', '/images/237.png', '/images/356.png', '/images/437.png', '/images/454.png', '/images/476.png']"
Hawkchaaaan,Open Great League (Ranked) Tournament,"['/images/40.png', '/images/224.png', '/images/197.png', '/images/264.png', '/images/388.png', '/images/437.png']"
Hawkchaaaan,Sinister Cup,"['/images/93.png', '/images/208.png', '/images/237.png', '/images/411.png', '/images/426.png', '/images/454.png']"
Hawkchaaaan,Sinister Cup,"['/images/237.png', '/images/344.png', '/images/354.png', '/images/356.png', '/images/426.png', '/images/sandslash-alola.png']"
Hawkchaaaan,Sinister Cup,"['/images/93.png', '/images/237.png', '/images/344.png', '/images/354.png', '/images/356.png', '/images/476.png']"
Hawkchaaaan,Sinister Cup,"['/images/62.png', '/images/208.png', '/images/237.png', '/images/303.png', '/images/344.png', '/images/356.png']"
Hawkchaaaan,Mirror Cup,"['/images/227.png', '/images/260.png', '/images/297.png', '/images/308.png', '/images/344.png', '/images/476.png']"
Hawkchaaaan,Mirror Cup,"['/images/89.png', '/images/184.png', '/images/227.png', '/images/260.png', '/images/437.png', '/images/478.png']"
Hawkchaaaan,Mirror Cup,"['/images/49.png', '/images/73.png', '/images/184.png', '/images/197.png', '/images/430.png', '/images/454.png']"
Hawkchaaaan,Mirror Cup,"['/images/89.png', '/images/184.png', '/images/227.png', '/images/260.png', '/images/437.png', '/images/478.png']"
Hawkchaaaan,Mirror Cup,"['/images/49.png', '/images/73.png', '/images/184.png', '/images/197.png', '/images/430.png', '/images/454.png']"
Hawkchaaaan,Mirror Cup,"['/images/131.png', '/images/142.png', '/images/227.png', '/images/357.png', '/images/478.png', '/images/raichu-alola.png']"
Hawkchaaaan,Mirror Cup,"['/images/36.png', '/images/49.png', '/images/176.png', '/images/211.png', '/images/356.png', '/images/muk-alola.png']"
Hawkchaaaan,Mirror Cup,"['/images/257.png', '/images/306.png', '/images/334.png', '/images/411.png', '/images/448.png', '/images/marowak-alola.png']"
Hawkchaaaan,Mirror Cup,"['/images/49.png', '/images/73.png', '/images/184.png', '/images/197.png', '/images/430.png', '/images/454.png']"
Hawkchaaaan,Mirror Cup,"['/images/227.png', '/images/260.png', '/images/297.png', '/images/308.png', '/images/344.png', '/images/476.png']"
Hawkchaaaan,Mirror Cup,"['/images/89.png', '/images/184.png', '/images/227.png', '/images/260.png', '/images/437.png', '/images/478.png']"
Hawkchaaaan,Mirror Cup,"['/images/227.png', '/images/260.png', '/images/297.png', '/images/308.png', '/images/344.png', '/images/476.png']"
Hawkchaaaan,Mirror Cup,"['/images/227.png', '/images/260.png', '/images/297.png', '/images/308.png', '/images/344.png', '/images/476.png']"
Hawkchaaaan,Mirror Cup,"['/images/89.png', '/images/184.png', '/images/227.png', '/images/260.png', '/images/437.png', '/images/478.png']"
Hawkchaaaan,Mirror Cup,"['/images/184.png', '/images/227.png', '/images/260.png', '/images/407.png', '/images/437.png', '/images/478.png']"
Hawkchaaaan,Mirror Cup,"['/images/142.png', '/images/260.png', '/images/334.png', '/images/357.png', '/images/478.png', '/images/raichu-alola.png']"
Hawkchaaaan,Mirror Cup,"['/images/62.png', '/images/197.png', '/images/344.png', '/images/430.png', '/images/437.png', '/images/454.png']"
Hawkchaaaan,Mirror Cup,"['/images/6.png', '/images/71.png', '/images/154.png', '/images/184.png', '/images/195.png', '/images/205.png']"
Hawkchaaaan,Mirror Cup,"['/images/49.png', '/images/73.png', '/images/184.png', '/images/197.png', '/images/430.png', '/images/454.png']"
Hawkchaaaan,Mirror Cup,"['/images/36.png', '/images/185.png', '/images/197.png', '/images/334.png', '/images/475.png', '/images/raichu-alola.png']"
Hawkchaaaan,Mirror Cup,"['/images/227.png', '/images/260.png', '/images/297.png', '/images/308.png', '/images/344.png', '/images/476.png']"
Hawkchaaaan,Jungle Cup,"['/images/3.png', '/images/40.png', '/images/164.png', '/images/171.png', '/images/205.png', '/images/288.png']"
Hawkchaaaan,Jungle Cup,"['/images/3.png', '/images/40.png', '/images/164.png', '/images/171.png', '/images/205.png', '/images/288.png']"
Hawkchaaaan,Jungle Cup,"['/images/3.png', '/images/71.png', '/images/101.png', '/images/164.png', '/images/168.png', '/images/288.png']"
Hawkchaaaan,Jungle Cup,"['/images/3.png', '/images/40.png', '/images/164.png', '/images/171.png', '/images/205.png', '/images/288.png']"
Hawkchaaaan,Jungle Cup,"['/images/3.png', '/images/15.png', '/images/171.png', '/images/214.png', '/images/288.png', '/images/205.png']"
Hawkchaaaan,Jungle Cup,"['/images/3.png', '/images/205.png', '/images/214.png', '/images/288.png', '/images/469.png', '/images/golem-alola.png']"
Hawkchaaaan,Jungle Cup,"['/images/3.png', '/images/205.png', '/images/214.png', '/images/288.png', '/images/469.png', '/images/golem-alola.png']"
Hawkchaaaan,Jungle Cup,"['/images/3.png', '/images/164.png', '/images/205.png', '/images/214.png', '/images/288.png', '/images/golem-alola.png']"
Hawkchaaaan,Ranked Tournament,"['/images/227.png', '/images/454.png', '/images/107.png', '/images/184.png', '/images/356.png', '/images/197.png']"
Hawkchaaaan,Jungle Cup,"['/images/3.png', '/images/71.png', '/images/101.png', '/images/164.png', '/images/168.png', '/images/288.png']"
Hawkchaaaan,Jungle Cup,"['/images/3.png', '/images/71.png', '/images/101.png', '/images/164.png', '/images/171.png', '/images/288.png']"
Hawkchaaaan,Jungle Cup,"['/images/3.png', '/images/71.png', '/images/101.png', '/images/164.png', '/images/288.png', '/images/284.png']"
Hawkchaaaan,Rainbow Cup,"['/images/6.png', '/images/71.png', '/images/154.png', '/images/184.png', '/images/171.png', '/images/195.png']"
Hawkchaaaan,Rainbow Cup,"['/images/6.png', '/images/71.png', '/images/154.png', '/images/184.png', '/images/195.png', '/images/205.png']"
Hawkchaaaan,Rainbow Cup,"['/images/6.png', '/images/71.png', '/images/154.png', '/images/184.png', '/images/195.png', '/images/205.png']"
Hawkchaaaan,Rainbow Cup,"['/images/6.png', '/images/71.png', '/images/154.png', '/images/184.png', '/images/195.png', '/images/205.png']"
Hawkchaaaan,Rainbow Cup,"['/images/6.png', '/images/71.png', '/images/154.png', '/images/205.png', '/images/195.png', '/images/184.png']"
Hawkchaaaan,Rainbow Cup,"['/images/6.png', '/images/71.png', '/images/154.png', '/images/205.png', '/images/195.png', '/images/184.png']"
Hawkchaaaan,Rainbow Cup,"['/images/6.png', '/images/154.png', '/images/71.png', '/images/205.png', '/images/195.png', '/images/184.png']"
Hawkchaaaan,Rainbow Cup,"['/images/6.png', '/images/62.png', '/images/154.png', '/images/195.png', '/images/205.png', '/images/184.png']"
Hawkchaaaan,Rainbow Cup,"['/images/131.png', '/images/154.png', '/images/243.png', '/images/226.png', '/images/195.png', '/images/205.png']"
Hawkchaaaan,Rainbow Cup,"['/images/131.png', '/images/154.png', '/images/205.png', '/images/243.png', '/images/226.png', '/images/195.png']"
Hawkchaaaan,Rainbow Cup,"['/images/154.png', '/images/195.png', '/images/171.png', '/images/6.png', '/images/205.png', '/images/73.png']"
Hawkchaaaan,Nightmare Cup,"['/images/62.png', '/images/197.png', '/images/178.png', '/images/437.png', '/images/454.png', '/images/muk-alola.png']"
Hawkchaaaan,Nightmare Cup,"['/images/62.png', '/images/197.png', '/images/437.png', '/images/454.png', '/images/raticate-alola.png', '/images/178.png']"
Hawkchaaaan,Nightmare Cup,"['/images/454.png', '/images/437.png', '/images/62.png', '/images/178.png', '/images/197.png', '/images/raticate-alola.png']"
Hawkchaaaan,Nightmare Cup,"['/images/62.png', '/images/197.png', '/images/454.png', '/images/437.png', '/images/raticate-alola.png', '/images/178.png']"
Hawkchaaaan,Nightmare Cup,"['/images/62.png', '/images/197.png', '/images/178.png', '/images/437.png', '/images/454.png', '/images/raticate-alola.png']"
Hawkchaaaan,Nightmare Cup,"['/images/437.png', '/images/107.png', '/images/178.png', '/images/197.png', '/images/454.png', '/images/raticate-alola.png']"
Hawkchaaaan,Nightmare Cup,"['/images/178.png', '/images/437.png', '/images/62.png', '/images/454.png', '/images/raticate-alola.png', '/images/197.png']"
Hawkchaaaan,Season 1 Regionals,"['/images/308.png', '/images/302.png', '/images/3.png', '/images/476.png', '/images/340.png', '/images/227.png']"
Hawkchaaaan,Nightmare Cup,"['/images/319.png', '/images/437.png', '/images/178.png', '/images/197.png', '/images/454.png', '/images/raticate-alola.png']"
Hawkchaaaan,Nightmare Cup,"['/images/319.png', '/images/454.png', '/images/437.png', '/images/raichu-alola.png', '/images/178.png', '/images/raticate-alola.png']"
Hawkchaaaan,Ranked Tournament,"['/images/3.png', '/images/308.png', '/images/184.png', '/images/227.png', '/images/478.png', '/images/73.png']"
Hawkchaaaan,Kingdom Cup,"['/images/131.png', '/images/437.png', '/images/448.png', '/images/334.png', '/images/208.png', '/images/marowak-alola.png']"
Hawkchaaaan,Kingdom Cup,"['/images/437.png', '/images/marowak-alola.png', '/images/208.png', '/images/448.png', '/images/148.png', '/images/334.png']"
Hawkchaaaan,Kingdom Cup,"['/images/148.png', '/images/marowak-alola.png', '/images/437.png', '/images/334.png', '/images/448.png', '/images/208.png']"
Hawkchaaaan,Kingdom Cup,"['/images/437.png', '/images/257.png', '/images/208.png', '/images/448.png', '/images/334.png', '/images/148.png']"
Hawkchaaaan,Kingdom Cup,"['/images/364.png', '/images/257.png', '/images/448.png', '/images/208.png', '/images/330.png', '/images/334.png']"
Hawkchaaaan,Kingdom Cup,"['/images/364.png', '/images/257.png', '/images/148.png', '/images/448.png', '/images/334.png', '/images/208.png']"
Hawkchaaaan,Tempest Cup,"['/images/208.png', '/images/227.png', '/images/364.png', '/images/171.png', '/images/259.png', '/images/460.png']"
Hawkchaaaan,Tempest Cup,"['/images/208.png', '/images/227.png', '/images/259.png', '/images/460.png', '/images/171.png', '/images/364.png']"
Hawkchaaaan,Tempest Cup,"['/images/6.png', '/images/364.png', '/images/208.png', '/images/259.png', '/images/334.png', '/images/26.png']"
Hawkchaaaan,Tempest Cup,"['/images/364.png', '/images/259.png', '/images/6.png', '/images/460.png', '/images/171.png', '/images/ninetales-alola.png']"
Hawkchaaaan,Tempest Cup,"['/images/364.png', '/images/259.png', '/images/227.png', '/images/460.png', '/images/171.png', '/images/ninetales-alola.png']"
Hawkchaaaan,Twilight Cup,"['/images/42.png', '/images/raticate-alola.png', '/images/49.png', '/images/454.png', '/images/435.png', '/images/184.png']"
Hawkchaaaan,Twilight Cup,"['/images/42.png', '/images/49.png', '/images/184.png', '/images/raticate-alola.png', '/images/454.png', '/images/435.png']"
Hawkchaaaan,Twilight Cup,"['/images/49.png', '/images/42.png', '/images/454.png', '/images/184.png', '/images/435.png', '/images/raticate-alola.png']"
Hawkchaaaan,Twilight Cup,"['/images/49.png', '/images/454.png', '/images/42.png', '/images/435.png', '/images/raticate-alola.png', '/images/184.png']"
Hawkchaaaan,Twilight Cup,"['/images/317.png', '/images/42.png', '/images/raticate-alola.png', '/images/435.png', '/images/184.png', '/images/454.png']"
Hawkchaaaan,Twilight Cup,"['/images/317.png', '/images/raticate-alola.png', '/images/42.png', '/images/454.png', '/images/452.png', '/images/49.png']"
Hawkchaaaan,Boulder Cup,"['/images/346.png', '/images/340.png', '/images/259.png', '/images/227.png', '/images/212.png', '/images/286.png']"
Hawkchaaaan,Boulder Cup,"['/images/340.png', '/images/346.png', '/images/259.png', '/images/227.png', '/images/286.png', '/images/golem-alola.png']"
Hawkchaaaan,Boulder Cup,"['/images/golem-alola.png', '/images/340.png', '/images/227.png', '/images/448.png', '/images/sandslash-alola.png', '/images/205.png']"
XiaoYiSheng,Timeless Cup,"['/images/3.png', '/images/castform-sunny.png', '/images/364.png', '/images/230.png', '/images/340.png', '/images/452.png']"
XiaoYiSheng,Timeless Cup,"['/images/3.png', '/images/148.png', '/images/castform-sunny.png', '/images/89.png', '/images/364.png', '/images/340.png']"
XiaoYiSheng,Ferocious Cup,"['/images/400.png', '/images/264.png', '/images/245.png', '/images/197.png', '/images/ninetales-alola.png', '/images/435.png']"
XiaoYiSheng,Ferocious Cup,"['/images/400.png', '/images/197.png', '/images/305.png', '/images/372.png', '/images/ninetales-alola.png', '/images/435.png']"
XiaoYiSheng,Open Great League (Ranked) Tournament,"['/images/379.png', '/images/184.png', '/images/3.png', '/images/deoxys-defense.png', '/images/227.png', '/images/302.png']"
XiaoYiSheng,Open Great League (Ranked) Tournament,"['/images/379.png', '/images/184.png', '/images/3.png', '/images/deoxys-defense.png', '/images/227.png', '/images/302.png']"
XiaoYiSheng,Ferocious Cup,"['/images/400.png', '/images/264.png', '/images/245.png', '/images/197.png', '/images/ninetales-alola.png', '/images/435.png']"
XiaoYiSheng,Sinister Cup,"['/images/426.png', '/images/62.png', '/images/437.png', '/images/marowak-alola.png', '/images/208.png', '/images/303.png']"
XiaoYiSheng,Open Great League (Ranked) Tournament,"['/images/184.png', '/images/3.png', '/images/deoxys-defense.png', '/images/171.png', '/images/227.png', '/images/302.png']"
XiaoYiSheng,Sinister Cup,"['/images/426.png', '/images/62.png', '/images/437.png', '/images/marowak-alola.png', '/images/208.png', '/images/303.png']"
XiaoYiSheng,Sinister Cup,"['/images/426.png', '/images/62.png', '/images/437.png', '/images/marowak-alola.png', '/images/208.png', '/images/308.png']"
XiaoYiSheng,Mirror Cup,"['/images/211.png', '/images/184.png', '/images/454.png', '/images/435.png', '/images/302.png', '/images/49.png']"
XiaoYiSheng,Mirror Cup,"['/images/475.png', '/images/260.png', '/images/437.png', '/images/389.png', '/images/227.png', '/images/308.png']"
XiaoYiSheng,Mirror Cup,"['/images/260.png', '/images/131.png', '/images/208.png', '/images/334.png', '/images/357.png', '/images/227.png']"
XiaoYiSheng,Mirror Cup,"['/images/184.png', '/images/3.png', '/images/334.png', '/images/171.png', '/images/227.png', '/images/308.png']"
XiaoYiSheng,Mirror Cup,"['/images/184.png', '/images/3.png', '/images/334.png', '/images/171.png', '/images/227.png', '/images/308.png']"
XiaoYiSheng,Jungle Cup,"['/images/40.png', '/images/288.png', '/images/164.png', '/images/3.png', '/images/171.png', '/images/205.png']"
XiaoYiSheng,Jungle Cup,"['/images/40.png', '/images/288.png', '/images/164.png', '/images/3.png', '/images/171.png', '/images/205.png']"
XiaoYiSheng,Ranked Tournament,"['/images/184.png', '/images/386.png', '/images/3.png', '/images/302.png', '/images/227.png', '/images/171.png']"
XiaoYiSheng,Rainbow Cup,"['/images/6.png', '/images/184.png', '/images/195.png', '/images/3.png', '/images/171.png', '/images/205.png']"
XiaoYiSheng,Rainbow Cup,"['/images/6.png', '/images/184.png', '/images/195.png', '/images/3.png', '/images/171.png', '/images/205.png']"
XiaoYiSheng,Rainbow Cup,"['/images/6.png', '/images/184.png', '/images/195.png', '/images/3.png', '/images/171.png', '/images/205.png']"
XiaoYiSheng,Rainbow Cup,"['/images/6.png', '/images/184.png', '/images/195.png', '/images/3.png', '/images/171.png', '/images/205.png']"
XiaoYiSheng,Nightmare Cup,"['/images/178.png', '/images/454.png', '/images/452.png', '/images/442.png', '/images/raichu-alola.png', '/images/raticate-alola.png']"
XiaoYiSheng,Nightmare Cup,"['/images/178.png', '/images/454.png', '/images/452.png', '/images/442.png', '/images/raichu-alola.png', '/images/raticate-alola.png']"
XiaoYiSheng,Season 1 Regionals,"['/images/184.png', '/images/308.png', '/images/227.png', '/images/411.png', '/images/3.png', '/images/340.png']"
XiaoYiSheng,Kingdom Cup,"['/images/6.png', '/images/131.png', '/images/411.png', '/images/334.png', '/images/330.png', '/images/448.png']"
XiaoYiSheng,Kingdom Cup,"['/images/6.png', '/images/448.png', '/images/411.png', '/images/330.png', '/images/334.png', '/images/131.png']"
XiaoYiSheng,Tempest Cup,"['/images/357.png', '/images/195.png', '/images/364.png', '/images/171.png', '/images/334.png', '/images/227.png']"
XiaoYiSheng,Tempest Cup,"['/images/334.png', '/images/227.png', '/images/195.png', '/images/364.png', '/images/171.png', '/images/357.png']"
XiaoYiSheng,Twilight Cup,"['/images/3.png', '/images/435.png', '/images/49.png', '/images/454.png', '/images/184.png', '/images/302.png']"
yugure12,Timeless Cup,"['/images/148.png', '/images/257.png', '/images/15.png', '/images/71.png', '/images/364.png', '/images/340.png']"
yugure12,Ferocious Cup,"['/images/ninetales-alola.png', '/images/sandslash-alola.png', '/images/400.png', '/images/197.png', '/images/264.png', '/images/435.png']"
yugure12,Ferocious Cup,"['/images/ninetales-alola.png', '/images/197.png', '/images/305.png', '/images/sandslash-alola.png', '/images/372.png', '/images/400.png']"
yugure12,Sinister Cup,"['/images/62.png', '/images/208.png', '/images/282.png', '/images/395.png', '/images/marowak-alola.png', '/images/93.png']"
yugure12,Sinister Cup,"['/images/62.png', '/images/282.png', '/images/354.png', '/images/208.png', '/images/395.png', '/images/marowak-alola.png']"
Takato040514,Timeless Cup,"['/images/3.png', '/images/148.png', '/images/230.png', '/images/364.png', '/images/340.png', '/images/435.png']"
Takato040514,Timeless Cup,"['/images/148.png', '/images/154.png', '/images/230.png', '/images/364.png', '/images/435.png', '/images/340.png']"
Takato040514,Timeless Cup,"['/images/3.png', '/images/148.png', '/images/435.png', '/images/230.png', '/images/340.png', '/images/364.png']"
Takato040514,Ferocious Cup,"['/images/372.png', '/images/400.png', '/images/sandslash-alola.png', '/images/ninetales-alola.png', '/images/435.png', '/images/197.png']"
Takato040514,Ferocious Cup,"['/images/197.png', '/images/372.png', '/images/435.png', '/images/530.png', '/images/ninetales-alola.png', '/images/400.png']"
Takato040514,Ferocious Cup,"['/images/372.png', '/images/ninetales-alola.png', '/images/400.png', '/images/197.png', '/images/530.png', '/images/435.png']"
Takato040514,Sinister Cup,"['/images/62.png', '/images/93.png', '/images/208.png', '/images/344.png', '/images/411.png', '/images/marowak-alola.png']"
Takato040514,Sinister Cup,"['/images/62.png', '/images/208.png', '/images/93.png', '/images/marowak-alola.png', '/images/411.png', '/images/344.png']"
Takato040514,Sinister Cup,"['/images/62.png', '/images/208.png', '/images/344.png', '/images/marowak-alola.png', '/images/93.png', '/images/411.png']"
Takato040514,Mirror Cup,"['/images/184.png', '/images/334.png', '/images/227.png', '/images/260.png', '/images/171.png', '/images/308.png']"
Takato040514,Mirror Cup,"['/images/357.png', '/images/334.png', '/images/208.png', '/images/227.png', '/images/171.png', '/images/131.png']"
Takato040514,Mirror Cup,"['/images/260.png', '/images/357.png', '/images/308.png', '/images/227.png', '/images/334.png', '/images/184.png']"
Takato040514,Jungle Cup,"['/images/3.png', '/images/164.png', '/images/40.png', '/images/171.png', '/images/288.png', '/images/205.png']"
Takato040514,Jungle Cup,"['/images/40.png', '/images/3.png', '/images/171.png', '/images/205.png', '/images/288.png', '/images/164.png']"
Takato040514,Jungle Cup,"['/images/3.png', '/images/205.png', '/images/49.png', '/images/288.png', '/images/171.png', '/images/164.png']"
Takato040514,Rainbow Cup,"['/images/3.png', '/images/6.png', '/images/80.png', '/images/195.png', '/images/205.png', '/images/184.png']"
Takato040514,Nightmare Cup,"['/images/452.png', '/images/454.png', '/images/raticate-alola.png', '/images/178.png', '/images/97.png', '/images/448.png']"
Takato040514,Nightmare Cup,"['/images/452.png', '/images/454.png', '/images/raticate-alola.png', '/images/178.png', '/images/97.png', '/images/448.png']"
Takato040514,Season 1 Regionals,"['/images/93.png', '/images/227.png', '/images/809.png', '/images/448.png', '/images/340.png', '/images/184.png']"
Takato040514,Kingdom Cup,"['/images/131.png', '/images/208.png', '/images/411.png', '/images/448.png', '/images/marowak-alola.png', '/images/334.png']"
Takato040514,Kingdom Cup,"['/images/131.png', '/images/208.png', '/images/334.png', '/images/448.png', '/images/411.png', '/images/marowak-alola.png']"
Takato040514,Kingdom Cup,"['/images/208.png', '/images/131.png', '/images/334.png', '/images/411.png', '/images/marowak-alola.png', '/images/448.png']"
Takato040514,Tempest Cup,"['/images/227.png', '/images/364.png', '/images/334.png', '/images/171.png', '/images/460.png', '/images/340.png']"
Takato040514,Twilight Cup,"['/images/430.png', '/images/49.png', '/images/184.png', '/images/42.png', '/images/454.png', '/images/435.png']"
reezachi,Timeless Cup,"['/images/71.png', '/images/230.png', '/images/478.png', '/images/257.png', '/images/148.png', '/images/87.png']"
reezachi,Timeless Cup,"['/images/131.png', '/images/230.png', '/images/71.png', '/images/148.png', '/images/6.png', '/images/369.png']"
reezachi,Ferocious Cup,"['/images/400.png', '/images/sandslash-alola.png', '/images/435.png', '/images/ninetales-alola.png', '/images/134.png', '/images/197.png']"
reezachi,Ferocious Cup,"['/images/400.png', '/images/sandslash-alola.png', '/images/435.png', '/images/ninetales-alola.png', '/images/134.png', '/images/197.png']"
reezachi,Ferocious Cup,"['/images/400.png', '/images/sandslash-alola.png', '/images/435.png', '/images/ninetales-alola.png', '/images/134.png', '/images/197.png']"
reezachi,Sinister Cup,"['/images/208.png', '/images/488.png', '/images/62.png', '/images/426.png', '/images/marowak-alola.png', '/images/308.png']"
reezachi,Sinister Cup,"['/images/208.png', '/images/411.png', '/images/62.png', '/images/426.png', '/images/marowak-alola.png', '/images/308.png']"
reezachi,Mirror Cup,"['/images/389.png', '/images/475.png', '/images/227.png', '/images/260.png', '/images/437.png', '/images/308.png']"
reezachi,Mirror Cup,"['/images/184.png', '/images/42.png', '/images/454.png', '/images/muk-alola.png', '/images/248.png', '/images/269.png']"
reezachi,Mirror Cup,"['/images/184.png', '/images/809.png', '/images/260.png', '/images/93.png', '/images/334.png', '/images/3.png']"
reezachi,Mirror Cup,"['/images/227.png', '/images/476.png', '/images/184.png', '/images/260.png', '/images/357.png', '/images/308.png']"
reezachi,Jungle Cup,"['/images/15.png', '/images/205.png', '/images/288.png', '/images/171.png', '/images/40.png', '/images/3.png']"
reezachi,Jungle Cup,"['/images/15.png', '/images/205.png', '/images/288.png', '/images/171.png', '/images/3.png', '/images/214.png']"
reezachi,Ranked Tournament,"['/images/171.png', '/images/454.png', '/images/354.png', '/images/184.png', '/images/227.png', '/images/437.png']"
reezachi,Jungle Cup,"['/images/205.png', '/images/288.png', '/images/40.png', '/images/164.png', '/images/462.png', '/images/3.png']"
reezachi,Ranked Tournament,"['/images/340.png', '/images/184.png', '/images/354.png', '/images/809.png', '/images/227.png', '/images/308.png']"
reezachi,Rainbow Cup,"['/images/6.png', '/images/171.png', '/images/131.png', '/images/195.png', '/images/3.png', '/images/205.png']"
reezachi,Rainbow Cup,"['/images/6.png', '/images/171.png', '/images/131.png', '/images/195.png', '/images/3.png', '/images/205.png']"
reezachi,Rainbow Cup,"['/images/6.png', '/images/171.png', '/images/131.png', '/images/195.png', '/images/3.png', '/images/205.png']"
reezachi,Nightmare Cup,"['/images/raichu-alola.png', '/images/454.png', '/images/452.png', '/images/178.png', '/images/275.png', '/images/442.png']"
reezachi,Nightmare Cup,"['/images/raichu-alola.png', '/images/454.png', '/images/452.png', '/images/178.png', '/images/275.png', '/images/442.png']"
reezachi,Nightmare Cup,"['/images/raichu-alola.png', '/images/454.png', '/images/452.png', '/images/178.png', '/images/275.png', '/images/442.png']"
reezachi,Season 1 Regionals,"['/images/184.png', '/images/227.png', '/images/809.png', '/images/93.png', '/images/3.png', '/images/308.png']"
reezachi,Kingdom Cup,"['/images/208.png', '/images/131.png', '/images/437.png', '/images/marowak-alola.png', '/images/448.png', '/images/334.png']"
reezachi,Ranked Tournament,"['/images/62.png', '/images/151.png', '/images/340.png', '/images/227.png', '/images/254.png', '/images/435.png']"
reezachi,Ranked Tournament,"['/images/131.png', '/images/411.png', '/images/437.png', '/images/marowak-alola.png', '/images/448.png', '/images/148.png']"
reezachi,Ranked Tournament,"['/images/62.png', '/images/82.png', '/images/334.png', '/images/227.png', '/images/357.png', '/images/340.png']"
reezachi,Ranked Tournament,"['/images/62.png', '/images/184.png', '/images/82.png', '/images/227.png', '/images/488.png', '/images/6.png']"
reezachi,Tempest Cup,"['/images/171.png', '/images/sandslash-alola.png', '/images/357.png', '/images/227.png', '/images/334.png', '/images/195.png']"
reezachi,Ranked Tournament,"['/images/62.png', '/images/488.png', '/images/82.png', '/images/227.png', '/images/334.png', '/images/195.png']"
reezachi,Ranked Tournament,"['/images/62.png', '/images/42.png', '/images/184.png', '/images/334.png', '/images/488.png', '/images/82.png']"
reezachi,Tempest Cup,"['/images/171.png', '/images/131.png', '/images/227.png', '/images/195.png', '/images/460.png', '/images/sandslash-alola.png']"
reezachi,Twilight Cup,"['/images/454.png', '/images/42.png', '/images/31.png', '/images/317.png', '/images/211.png', '/images/ninetales-alola.png']"
reezachi,Boulder Cup,"['/images/259.png', '/images/82.png', '/images/227.png', '/images/107.png', '/images/472.png', '/images/286.png']"
BlitzStriker91,Timeless Cup,"['/images/6.png', '/images/gastrodon-east-sea.png', '/images/364.png', '/images/148.png', '/images/272.png', '/images/452.png']"
BlitzStriker91,Ferocious Cup,"['/images/435.png', '/images/264.png', '/images/400.png', '/images/ninetales-alola.png', '/images/197.png', '/images/34.png']"
BlitzStriker91,Ferocious Cup,"['/images/312.png', '/images/400.png', '/images/ninetales-alola.png', '/images/197.png', '/images/305.png', '/images/34.png']"
BlitzStriker91,Sinister Cup,"['/images/356.png', '/images/303.png', '/images/208.png', '/images/475.png', '/images/marowak-alola.png', '/images/62.png']"
BlitzStriker91,Mirror Cup,"['/images/308.png', '/images/3.png', '/images/227.png', '/images/184.png', '/images/476.png', '/images/raichu-alola.png']"
BlitzStriker91,Mirror Cup,"['/images/475.png', '/images/260.png', '/images/wormadam-trash.png', '/images/308.png', '/images/227.png', '/images/437.png']"
BlitzStriker91,Jungle Cup,"['/images/416.png', '/images/288.png', '/images/254.png', '/images/205.png', '/images/171.png', '/images/164.png']"
BlitzStriker91,Jungle Cup,"['/images/164.png', '/images/171.png', '/images/205.png', '/images/254.png', '/images/288.png', '/images/416.png']"
BlitzStriker91,Rainbow Cup,"['/images/6.png', '/images/80.png', '/images/154.png', '/images/184.png', '/images/195.png', '/images/205.png']"
BlitzStriker91,Rainbow Cup,"['/images/154.png', '/images/80.png', '/images/205.png', '/images/6.png', '/images/195.png', '/images/184.png']"
BlitzStriker91,Nightmare Cup,"['/images/178.png', '/images/454.png', '/images/muk-alola.png', '/images/452.png', '/images/62.png', '/images/97.png']"
BlitzStriker91,Kingdom Cup,"['/images/marowak-alola.png', '/images/809.png', '/images/257.png', '/images/448.png', '/images/334.png', '/images/131.png']"
MYSTICxxKNIGHT,Timeless Cup,"['/images/148.png', '/images/71.png', '/images/340.png', '/images/49.png', '/images/364.png', '/images/257.png']"
MYSTICxxKNIGHT,Timeless Cup,"['/images/131.png', '/images/71.png', '/images/148.png', '/images/364.png', '/images/257.png', '/images/230.png']"
MYSTICxxKNIGHT,Ferocious Cup,"['/images/26.png', '/images/31.png', '/images/400.png', '/images/sandslash-alola.png', '/images/ninetales-alola.png', '/images/197.png']"
MYSTICxxKNIGHT,Ferocious Cup,"['/images/197.png', '/images/31.png', '/images/264.png', '/images/ninetales-alola.png', '/images/26.png', '/images/232.png']"
MYSTICxxKNIGHT,Ferocious Cup,"['/images/26.png', '/images/400.png', '/images/31.png', '/images/264.png', '/images/197.png', '/images/ninetales-alola.png']"
MYSTICxxKNIGHT,Sinister Cup,"['/images/marowak-alola.png', '/images/426.png', '/images/62.png', '/images/488.png', '/images/356.png', '/images/208.png']"
MYSTICxxKNIGHT,Sinister Cup,"['/images/303.png', '/images/356.png', '/images/62.png', '/images/208.png', '/images/488.png', '/images/426.png']"
MYSTICxxKNIGHT,Sinister Cup,"['/images/308.png', '/images/marowak-alola.png', '/images/208.png', '/images/282.png', '/images/62.png', '/images/356.png']"
MYSTICxxKNIGHT,Mirror Cup,"['/images/260.png', '/images/227.png', '/images/364.png', '/images/357.png', '/images/6.png', '/images/171.png']"
MYSTICxxKNIGHT,Mirror Cup,"['/images/205.png', '/images/164.png', '/images/3.png', '/images/40.png', '/images/288.png', '/images/171.png']"
MYSTICxxKNIGHT,Mirror Cup,"['/images/171.png', '/images/205.png', '/images/184.png', '/images/6.png', '/images/195.png', '/images/3.png']"
MYSTICxxKNIGHT,Mirror Cup,"['/images/334.png', '/images/257.png', '/images/131.png', '/images/411.png', '/images/437.png', '/images/448.png']"
MYSTICxxKNIGHT,Mirror Cup,"['/images/171.png', '/images/205.png', '/images/62.png', '/images/6.png', '/images/184.png', '/images/3.png']"
MYSTICxxKNIGHT,Jungle Cup,"['/images/40.png', '/images/205.png', '/images/288.png', '/images/171.png', '/images/164.png', '/images/3.png']"
MYSTICxxKNIGHT,Jungle Cup,"['/images/164.png', '/images/171.png', '/images/288.png', '/images/3.png', '/images/205.png', '/images/40.png']"
MYSTICxxKNIGHT,Jungle Cup,"['/images/12.png', '/images/164.png', '/images/288.png', '/images/26.png', '/images/3.png', '/images/205.png']"
MYSTICxxKNIGHT,Jungle Cup,"['/images/12.png', '/images/26.png', '/images/288.png', '/images/3.png', '/images/18.png', '/images/205.png']"
MYSTICxxKNIGHT,Rainbow Cup,"['/images/26.png', '/images/230.png', '/images/3.png', '/images/205.png', '/images/184.png', '/images/6.png']"
MYSTICxxKNIGHT,Rainbow Cup,"['/images/26.png', '/images/230.png', '/images/3.png', '/images/205.png', '/images/184.png', '/images/6.png']"
MYSTICxxKNIGHT,Nightmare Cup,"['/images/454.png', '/images/raichu-alola.png', '/images/muk-alola.png', '/images/62.png', '/images/437.png', '/images/452.png']"
MYSTICxxKNIGHT,Kingdom Cup,"['/images/448.png', '/images/131.png', '/images/411.png', '/images/437.png', '/images/6.png', '/images/334.png']"
JMLuisM,Timeless Cup,"['/images/154.png', '/images/340.png', '/images/435.png', '/images/131.png', '/images/230.png', '/images/148.png']"
JMLuisM,Open Great League (Ranked) Tournament,"['/images/379.png', '/images/184.png', '/images/227.png', '/images/3.png', '/images/deoxys-defense.png', '/images/muk-alola.png']"
JMLuisM,Timeless Cup,"['/images/148.png', '/images/340.png', '/images/154.png', '/images/452.png', '/images/131.png', '/images/49.png']"
JMLuisM,Ferocious Cup,"['/images/400.png', '/images/31.png', '/images/ninetales-alola.png', '/images/435.png', '/images/134.png', '/images/197.png']"
JMLuisM,Ferocious Cup,"['/images/ninetales-alola.png', '/images/31.png', '/images/435.png', '/images/197.png', '/images/400.png', '/images/134.png']"
JMLuisM,Ferocious Cup,"['/images/ninetales-alola.png', '/images/31.png', '/images/435.png', '/images/197.png', '/images/400.png', '/images/134.png']"
JMLuisM,Open Great League (Ranked) Tournament,"['/images/deoxys-defense.png', '/images/197.png', '/images/184.png', '/images/227.png', '/images/260.png', '/images/3.png']"
JMLuisM,Sinister Cup,"['/images/marowak-alola.png', '/images/476.png', '/images/344.png', '/images/62.png', '/images/208.png', '/images/356.png']"
JMLuisM,Sinister Cup,"['/images/356.png', '/images/208.png', '/images/marowak-alola.png', '/images/476.png', '/images/344.png', '/images/62.png']"
JMLuisM,Sinister Cup,"['/images/62.png', '/images/marowak-alola.png', '/images/208.png', '/images/356.png', '/images/282.png', '/images/437.png']"
JMLuisM,Sinister Cup,"['/images/marowak-alola.png', '/images/476.png', '/images/344.png', '/images/62.png', '/images/208.png', '/images/356.png']"
JMLuisM,Sinister Cup,"['/images/marowak-alola.png', '/images/476.png', '/images/344.png', '/images/62.png', '/images/208.png', '/images/356.png']"
JMLuisM,Sinister Cup,"['/images/62.png', '/images/marowak-alola.png', '/images/426.png', '/images/282.png', '/images/437.png', '/images/208.png']"
JMLuisM,Mirror Cup,"['/images/227.png', '/images/357.png', '/images/184.png', '/images/302.png', '/images/308.png', '/images/171.png']"
JMLuisM,Mirror Cup,"['/images/76.png', '/images/131.png', '/images/340.png', '/images/334.png', '/images/357.png', '/images/227.png']"
JMLuisM,Mirror Cup,"['/images/131.png', '/images/448.png', '/images/334.png', '/images/411.png', '/images/marowak-alola.png', '/images/257.png']"
JMLuisM,Mirror Cup,"['/images/227.png', '/images/357.png', '/images/184.png', '/images/171.png', '/images/302.png', '/images/308.png']"
JMLuisM,Mirror Cup,"['/images/184.png', '/images/227.png', '/images/3.png', '/images/476.png', '/images/302.png', '/images/308.png']"
JMLuisM,Jungle Cup,"['/images/288.png', '/images/205.png', '/images/164.png', '/images/214.png', '/images/3.png', '/images/462.png']"
JMLuisM,Jungle Cup,"['/images/462.png', '/images/3.png', '/images/214.png', '/images/164.png', '/images/205.png', '/images/288.png']"
JMLuisM,Jungle Cup,"['/images/164.png', '/images/462.png', '/images/214.png', '/images/288.png', '/images/3.png', '/images/205.png']"
JMLuisM,Jungle Cup,"['/images/462.png', '/images/3.png', '/images/164.png', '/images/214.png', '/images/205.png', '/images/288.png']"
JMLuisM,Jungle Cup,"['/images/288.png', '/images/205.png', '/images/164.png', '/images/214.png', '/images/3.png', '/images/462.png']"
JMLuisM,Rainbow Cup,"['/images/3.png', '/images/154.png', '/images/38.png', '/images/226.png', '/images/62.png', '/images/171.png']"
JMLuisM,Rainbow Cup,"['/images/3.png', '/images/171.png', '/images/38.png', '/images/154.png', '/images/226.png', '/images/62.png']"
JMLuisM,Rainbow Cup,"['/images/3.png', '/images/38.png', '/images/62.png', '/images/154.png', '/images/171.png', '/images/226.png']"
JMLuisM,Rainbow Cup,"['/images/154.png', '/images/6.png', '/images/62.png', '/images/226.png', '/images/171.png', '/images/195.png']"
JMLuisM,Nightmare Cup,"['/images/62.png', '/images/97.png', '/images/muk-alola.png', '/images/454.png', '/images/178.png', '/images/197.png']"
JMLuisM,Nightmare Cup,"['/images/97.png', '/images/197.png', '/images/178.png', '/images/muk-alola.png', '/images/454.png', '/images/62.png']"
JMLuisM,Nightmare Cup,"['/images/97.png', '/images/197.png', '/images/454.png', '/images/62.png', '/images/178.png', '/images/muk-alola.png']"
JMLuisM,Nightmare Cup,"['/images/454.png', '/images/197.png', '/images/178.png', '/images/97.png', '/images/62.png', '/images/442.png']"
JMLuisM,Season 1 Regionals,"['/images/227.png', '/images/3.png', '/images/308.png', '/images/809.png', '/images/184.png', '/images/302.png']"
JMLuisM,Kingdom Cup,"['/images/131.png', '/images/257.png', '/images/411.png', '/images/marowak-alola.png', '/images/448.png', '/images/334.png']"
JMLuisM,Kingdom Cup,"['/images/131.png', '/images/334.png', '/images/257.png', '/images/411.png', '/images/448.png', '/images/marowak-alola.png']"
JMLuisM,Kingdom Cup,"['/images/131.png', '/images/334.png', '/images/411.png', '/images/448.png', '/images/257.png', '/images/marowak-alola.png']"
JMLuisM,Tempest Cup,"['/images/357.png', '/images/364.png', '/images/334.png', '/images/6.png', '/images/171.png', '/images/227.png']"
JMLuisM,Twilight Cup,"['/images/248.png', '/images/435.png', '/images/454.png', '/images/ninetales-alola.png', '/images/42.png', '/images/184.png']"
rajahsulaymann,Timeless Cup,"['/images/154.png', '/images/340.png', '/images/castform-sunny.png', '/images/364.png', '/images/148.png', '/images/131.png']"
rajahsulaymann,Ferocious Cup,"['/images/ninetales-alola.png', '/images/sandslash-alola.png', '/images/134.png', '/images/400.png', '/images/435.png', '/images/312.png']"
rajahsulaymann,Sinister Cup,"['/images/426.png', '/images/303.png', '/images/62.png', '/images/344.png', '/images/208.png', '/images/marowak-alola.png']"
rajahsulaymann,Mirror Cup,"['/images/334.png', '/images/131.png', '/images/357.png', '/images/260.png', '/images/171.png', '/images/227.png']"
rajahsulaymann,Jungle Cup,"['/images/164.png', '/images/288.png', '/images/3.png', '/images/205.png', '/images/416.png', '/images/171.png']"
rajahsulaymann,Jungle Cup,"['/images/205.png', '/images/164.png', '/images/416.png', '/images/288.png', '/images/3.png', '/images/171.png']"
rajahsulaymann,Nightmare Cup,"['/images/178.png', '/images/344.png', '/images/raticate-alola.png', '/images/442.png', '/images/454.png', '/images/452.png']"
rajahsulaymann,Season 1 Regionals,"['/images/357.png', '/images/411.png', '/images/227.png', '/images/184.png', '/images/259.png', '/images/308.png']"
rajahsulaymann,Kingdom Cup,"['/images/208.png', '/images/334.png', '/images/448.png', '/images/marowak-alola.png', '/images/411.png', '/images/131.png']"
rajahsulaymann,Tempest Cup,"['/images/195.png', '/images/171.png', '/images/334.png', '/images/460.png', '/images/364.png', '/images/6.png']"
rajahsulaymann,Twilight Cup,"['/images/3.png', '/images/184.png', '/images/42.png', '/images/89.png', '/images/454.png', '/images/197.png']"
rajahsulaymann,Boulder Cup,"['/images/259.png', '/images/208.png', '/images/330.png', '/images/308.png', '/images/62.png', '/images/286.png']"
ooOOizanagiOOoo,Timeless Cup,"['/images/340.png', '/images/230.png', '/images/55.png', '/images/71.png', '/images/452.png', '/images/257.png']"
ooOOizanagiOOoo,Timeless Cup,"['/images/257.png', '/images/275.png', '/images/55.png', '/images/73.png', '/images/452.png', '/images/340.png']"
ooOOizanagiOOoo,Open Great League (Ranked) Tournament,"['/images/260.png', '/images/197.png', '/images/184.png', '/images/288.png', '/images/227.png', '/images/275.png']"
ooOOizanagiOOoo,Ferocious Cup,"['/images/26.png', '/images/197.png', '/images/221.png', '/images/ninetales-alola.png', '/images/400.png', '/images/435.png']"
ooOOizanagiOOoo,Ferocious Cup,"['/images/197.png', '/images/31.png', '/images/ninetales-alola.png', '/images/435.png', '/images/sandslash-alola.png', '/images/400.png']"
ooOOizanagiOOoo,Open Great League (Ranked) Tournament,"['/images/197.png', '/images/334.png', '/images/raichu-alola.png', '/images/260.png', '/images/288.png', '/images/227.png']"
ooOOizanagiOOoo,Sinister Cup,"['/images/208.png', '/images/282.png', '/images/308.png', '/images/62.png', '/images/354.png', '/images/476.png']"
ooOOizanagiOOoo,Sinister Cup,"['/images/208.png', '/images/356.png', '/images/354.png', '/images/308.png', '/images/203.png', '/images/62.png']"
ooOOizanagiOOoo,Mirror Cup,"['/images/308.png', '/images/184.png', '/images/227.png', '/images/334.png', '/images/171.png', '/images/476.png']"
ooOOizanagiOOoo,Jungle Cup,"['/images/164.png', '/images/205.png', '/images/171.png', '/images/254.png', '/images/15.png', '/images/288.png']"
ooOOizanagiOOoo,Rainbow Cup,"['/images/154.png', '/images/184.png', '/images/205.png', '/images/171.png', '/images/71.png', '/images/226.png']"
ooOOizanagiOOoo,Nightmare Cup,"['/images/454.png', '/images/257.png', '/images/raichu-alola.png', '/images/344.png', '/images/275.png', '/images/435.png']"
Raammmm,Timeless Cup,"['/images/154.png', '/images/148.png', '/images/131.png', '/images/435.png', '/images/340.png', '/images/364.png']"
Raammmm,Open Great League (Ranked) Tournament,"['/images/312.png', '/images/357.png', '/images/379.png', '/images/197.png', '/images/308.png', '/images/184.png']"
Raammmm,Ferocious Cup,"['/images/31.png', '/images/400.png', '/images/312.png', '/images/ninetales-alola.png', '/images/435.png', '/images/197.png']"
Raammmm,Open Great League (Ranked) Tournament,"['/images/197.png', '/images/deoxys-defense.png', '/images/227.png', '/images/260.png', '/images/379.png', '/images/388.png']"
Raammmm,Open Great League (Ranked) Tournament,"['/images/9.png', '/images/40.png', '/images/97.png', '/images/93.png', '/images/muk-alola.png', '/images/marowak-alola.png']"
Raammmm,Sinister Cup,"['/images/356.png', '/images/249.png', '/images/208.png', '/images/426.png', '/images/62.png', '/images/303.png']"
Raammmm,Mirror Cup,"['/images/49.png', '/images/3.png', '/images/184.png', '/images/454.png', '/images/478.png', '/images/435.png']"
Raammmm,Mirror Cup,"['/images/475.png', '/images/308.png', '/images/227.png', '/images/476.png', '/images/260.png', '/images/411.png']"
Raammmm,Rainbow Cup,"['/images/226.png', '/images/5.png', '/images/182.png', '/images/184.png', '/images/205.png', '/images/26.png']"
Raammmm,Nightmare Cup,"['/images/297.png', '/images/199.png', '/images/107.png', '/images/124.png', '/images/452.png', '/images/muk-alola.png']"
WorldApartZ7,Timeless Cup,"['/images/3.png', '/images/148.png', '/images/435.png', '/images/364.png', '/images/230.png', '/images/38.png']"
WorldApartZ7,Ferocious Cup,"['/images/435.png', '/images/400.png', '/images/197.png', '/images/ninetales-alola.png', '/images/31.png', '/images/sandslash-alola.png']"
WorldApartZ7,Sinister Cup,"['/images/62.png', '/images/93.png', '/images/marowak-alola.png', '/images/208.png', '/images/308.png', '/images/344.png']"
WorldApartZ7,Mirror Cup,"['/images/475.png', '/images/476.png', '/images/227.png', '/images/308.png', '/images/71.png', '/images/184.png']"
